<shortcuts>
	<shortcut>
		<defaultID>344</defaultID>
		<label>[I]Search[/I]</label>
		<label2>Custom item</label2>
		<icon>DefaultActor.png</icon>
		<thumb>special://skin/extras/icons/search.png</thumb>
		<action>ActivateWindow(Videos,"plugin://plugin.video.theoath/?action=tvSearchnew",return)</action>
	</shortcut>
	<shortcut>
		<defaultID />
		<label>[I]Upcoming[/I]</label>
		<label2>Custom item</label2>
		<icon>DefaultShortcut.png</icon>
		<thumb>special://skin/extras/icons/calendar.png</thumb>
		<action>ActivateWindow(Videos,"plugin://plugin.video.theoath/?action=calendar&amp;url=mycalendar",return)</action>
	</shortcut>
</shortcuts>
