<?xml version="1.0" encoding="UTF-8"?>
<window>
	<onload>SetFocus(900171)</onload>
	<onload condition="!String.IsEqual(Skin.String(CinemaVision.Button),$LOCALIZE[31232]) | !System.HasAddon(script.cinemavision)">SetFocus(8)</onload>
	<onload condition="String.IsEqual(Skin.String(CinemaVision.Button),$LOCALIZE[31232]) + System.HasAddon(script.cinemavision)">SetFocus(909)</onload>
	<onload condition="System.HasAddon(script.colorbox) + Skin.HasSetting(Enable.BlurredVideoInfo)">RunScript(script.colorbox,info=blur,id=$VAR[PosterVar],prefix=DialogInfo,blursize=10,quality=10)</onload>
	<!-- Replace With Extended Info -->
	<!-- <onload condition="System.HasAddon(script.extendedinfo) + Window.IsActive(videos) + Skin.HasSetting(Enable.UseExtendedInfo) + [String.IsEqual(ListItem.DBType,movie) | String.IsEqual(ListItem.DBType,tvshow)]">Action(close)</onload> -->
	<!-- <onload condition="System.HasAddon(script.extendedinfo) + Window.IsActive(videos) + Skin.HasSetting(Enable.UseExtendedInfo) + String.IsEqual(ListItem.DBType,movie)">RunScript(script.extendedinfo,info=extendedinfo,dbid=$INFO[ListItem.DBID],name=$INFO[ListItem.Title])</onload> -->
	<!-- <onload condition="System.HasAddon(script.extendedinfo) + Window.IsActive(videos) + Skin.HasSetting(Enable.UseExtendedInfo) + String.IsEqual(ListItem.DBType,tvshow)">RunScript(script.extendedinfo,info=extendedtvinfo,dbid=$INFO[ListItem.DBID],name=$INFO[ListItem.Title])</onload> -->
	<onunload>ClearProperty(DialogInfo.ImageFilter,Home)</onunload>
	<controls>
		<include condition="System.HasAddon(script.extendedinfo)">HiddenActorList</include>
		<control type="group">
			<!-- Replace With Extended Info -->
			<!-- <visible>![System.HasAddon(script.extendedinfo) + Skin.HasSetting(Enable.UseExtendedInfo) + Window.IsActive(videos)] | [String.IsEqual(ListItem.DBType,episode)]</visible> -->
			<control type="group">
				<animation effect="slide" start="-729,0" end="0,0" time="500" tween="quadratic" condition="!Skin.HasSetting(Enable.BlurredVideoInfo)">WindowOpen</animation>
				<animation effect="slide" start="-729,0" end="0,0" delay="500" time="500" tween="quadratic" condition="Skin.HasSetting(Enable.BlurredVideoInfo)">WindowOpen</animation>
				<animation effect="slide" end="-729,0" time="500" tween="quadratic">WindowClose</animation>
				<animation effect="slide" start="-729,0" end="0,0" time="500" tween="quadratic" condition="![Window.IsVisible(script-ExtendedInfo Script-DialogVideoInfo.xml) | Window.IsVisible(script-ExtendedInfo Script-DialogInfo.xml)]">Conditional</animation>
				<animation effect="slide" end="-729,0" delay="250" time="700" tween="quadratic" condition="Window.IsVisible(script-ExtendedInfo Script-DialogVideoInfo.xml) | Window.IsVisible(script-ExtendedInfo Script-DialogInfo.xml)">Conditional</animation>
				<control type="image">
					<width>729</width>
					<height>1080</height>
					<texture>black.png</texture>
				</control>
				<control type="image">
					<width>729</width>
					<height>1080</height>
					<aspectratio aligny="top">scale</aspectratio>
					<texture background="true" fallback="black.png">$VAR[VideoInfoPosterVar]</texture>
				</control>
			</control>
			<control type="group">
				<animation effect="slide" start="1242,0" end="0,0" time="500" tween="quadratic" condition="!Skin.HasSetting(Enable.BlurredVideoInfo)">WindowOpen</animation>
				<animation effect="slide" start="1242,0" end="0,0" delay="500" time="500" tween="quadratic" condition="Skin.HasSetting(Enable.BlurredVideoInfo)">WindowOpen</animation>
				<animation effect="slide" end="1242,0" time="500" tween="quadratic">WindowClose</animation>
				<animation effect="slide" start="1242,0" end="0,0" time="500" tween="quadratic" condition="![Window.IsVisible(script-ExtendedInfo Script-DialogVideoInfo.xml) | Window.IsVisible(script-ExtendedInfo Script-DialogInfo.xml)]">Conditional</animation>
				<animation effect="slide" end="1242,0" time="500" tween="quadratic" condition="Window.IsVisible(script-ExtendedInfo Script-DialogVideoInfo.xml) | Window.IsVisible(script-ExtendedInfo Script-DialogInfo.xml)">Conditional</animation>
				<left>729</left>
				<control type="image">
					<width>1192</width>
					<height>1080</height>
					<texture>black.png</texture>
				</control>
				<control type="image">
					<width>1192</width>
					<height>1080</height>
					<aspectratio align="center">scale</aspectratio>
					<texture background="true">$INFO[ListItem.Art(fanart)]</texture>
					<visible>!Skin.HasSetting(Enable.BlurredVideoInfo)</visible>
				</control>
				<control type="image">
					<width>1192</width>
					<height>1080</height>
					<aspectratio align="center">scale</aspectratio>
					<texture background="true">$INFO[Window(Home).Property(DialogInfo.ImageFilter)]</texture>
					<fadetime>400</fadetime>
					<visible>Skin.HasSetting(Enable.BlurredVideoInfo)</visible>
				</control>
				<control type="image">
					<width>1192</width>
					<height>1080</height>
					<texture border="4">dialogs/info/info_rightpaneltop.png</texture>
					<animation effect="fade" start="100" end="55" time="0" condition="true">Conditional</animation>
					<visible>Skin.HasSetting(Enable.BlurredVideoInfo)</visible>
				</control>
				<control type="image">
					<width>1192</width>
					<height>1080</height>
					<texture border="4">black.png</texture>
					<colordiffuse>$VAR[VideoInfoDimmerVar]</colordiffuse>
					<visible>!Skin.HasSetting(Enable.BlurredVideoInfo)</visible>
				</control>
				<control type="group">
					<left>20</left>
					<top>10</top>
					<width>1042</width>
					<height>854</height>
					<control type="grouplist">
						<top>-20</top>
						<width>1100</width>
						<height>110</height>
						<align>center</align>
						<control type="label">
							<width>1030</width>
							<height>55</height>
							<font>font30_title_bold</font>
							<textcolor>grey</textcolor>
							<scroll>true</scroll>
							<label>$INFO[ListItem.Title]</label>
						</control>
						<control type="label">
							<width>1030</width>
							<height>30</height>
							<font>font15</font>
							<textcolor>$VAR[ThemeLabelColor]</textcolor>
							<scroll>true</scroll>
							<label>$INFO[ListItem.Tagline]</label>
							<visible>!String.IsEmpty(ListItem.Tagline)</visible>
						</control>
						<control type="label">
							<width>1030</width>
							<height>30</height>
							<font>font15</font>
							<textcolor>$VAR[ThemeLabelColor]</textcolor>
							<scroll>true</scroll>
							<label>$INFO[Window(Home).Property(NextAired.Status)]</label>
							<visible>String.IsEqual(ListItem.DBType,tvshow) + !String.IsEmpty(Window(Home).Property(NextAired.Status)) + String.IsEmpty(ListItem.Status)</visible>
						</control>
						<control type="label">
							<width>1030</width>
							<height>30</height>
							<font>font15</font>
							<textcolor>$VAR[ThemeLabelColor]</textcolor>
							<scroll>true</scroll>
							<label>$INFO[ListItem.Status]</label>
							<visible>String.IsEqual(ListItem.DBType,tvshow) + !String.IsEmpty(ListItem.Status)</visible>
						</control>
						<control type="label">
							<width>1030</width>
							<height>30</height>
							<font>font15</font>
							<textcolor>$VAR[ThemeLabelColor]</textcolor>
							<scroll>true</scroll>
							<label>$INFO[ListItem.TvShowTitle]</label>
							<visible>String.IsEqual(ListItem.DBType,episode) + !String.IsEmpty(ListItem.TvShowTitle)</visible>
						</control>
						<control type="label">
							<width>1030</width>
							<height>30</height>
							<font>font15</font>
							<textcolor>$VAR[ThemeLabelColor]</textcolor>
							<scroll>true</scroll>
							<label>$INFO[ListItem.Artist]</label>
							<visible>String.IsEqual(ListItem.DBType,musicvideo) + !String.IsEmpty(ListItem.Artist)</visible>
						</control>
					</control>
					<control type="label">
						<left>1050</left>
						<top>-10</top>
						<width>200</width>
						<height>90</height>
						<label>$INFO[ListItem.Year,(,)]</label>
						<font>font_kodiversion</font>
						<textcolor>grey</textcolor>
						<visible>![String.IsEqual(ListItem.DBType,episode) | String.IsEqual(ListItem.DBType,tvshow)]</visible>
					</control>
					<control type="image">
						<left>-16</left>
						<top>89</top>
						<width>1188</width>
						<height>1</height>
						<texture colordiffuse="$VAR[ThemeLabelColor]">new_pvr/osd_line_white.png</texture>
					</control>
					<control type="grouplist">
						<top>80</top>
						<width>1195</width>
						<height>85</height>
						<orientation>horizontal</orientation>
						<usecontrolcoords>true</usecontrolcoords>
						<itemgap>8</itemgap>
						<control type="label">
							<width min="100" max="300">auto</width>
							<top>2</top>
							<height>90</height>
							<label>$VAR[EpisodeCountVar] </label>
							<font>font52_bold</font>
							<textcolor>grey</textcolor>
							<visible>String.IsEqual(ListItem.DBType,episode)</visible>
						</control>
						<control type="group">
							<visible>!Skin.HasSetting(Enable.HourMinuteDuration) | String.IsEqual(ListItem.DBType,tvshow)</visible>
							<left>-10</left>
							<top>2</top>
							<width>150</width>
							<control type="label">
								<height>60</height>
								<align>center</align>
								<label>$VAR[DurationVar]</label>
								<font>font48_bold</font>
								<textcolor>grey</textcolor>
							</control>
							<control type="label">
								<top>50</top>
								<height>30</height>
								<align>center</align>
								<label>[LOWERCASE]$LOCALIZE[12391][/LOWERCASE]</label>
								<font>font12</font>
								<textcolor>grey</textcolor>
							</control>
						</control>
						<control type="label">
							<top>18</top>
							<width>auto</width>
							<height>60</height>
							<label>$VAR[ItemDurationVar]</label>
							<font>font52_bold</font>
							<textcolor>grey</textcolor>
							<visible>[String.IsEqual(ListItem.DBType,movie) | String.IsEqual(ListItem.DBType,episode)] + Skin.HasSetting(Enable.HourMinuteDuration)</visible>
						</control>
						<control type="image">
							<left>5</left>
							<top>2.5</top>
							<include>MediaFlagValues</include>
							<texture fallback="$VAR[MediaFlagsPathVar]/mpaa/NR.png">$VAR[MediaFlagsPathVar]/mpaa/$VAR[RatingFlagVar]</texture>
						</control>
						<control type="group">
							<visible>!String.IsEmpty(ListItem.Rating)</visible>
							<top>2</top>
							<width>165</width>
							<control type="label">
								<height>60</height>
								<align>center</align>
								<label>$INFO[ListItem.Rating]</label>
								<font>font48_bold</font>
								<textcolor>grey</textcolor>
							</control>
							<control type="label">
								<top>50</top>
								<height>30</height>
								<align>center</align>
								<label>[LOWERCASE]$VAR[RatingAndVotesVar][/LOWERCASE]</label>
								<font>font12</font>
								<textcolor>grey</textcolor>
							</control>
						</control>
						<control type="group">
							<visible>!String.IsEmpty(ListItem.UserRating)</visible>
							<width>120</width>
							<control type="label">
								<top>2</top>
								<width>120</width>
								<height>60</height>
								<align>center</align>
								<label>$INFO[ListItem.UserRating]</label>
								<font>font48_bold</font>
								<textcolor>grey</textcolor>
							</control>
							<control type="label">
								<top>52</top>
								<width>120</width>
								<height>30</height>
								<align>center</align>
								<label>[LOWERCASE]$LOCALIZE[31900][/LOWERCASE]</label>
								<font>font12</font>
								<textcolor>grey</textcolor>
							</control>
						</control>
						<control type="image">
							<left>5</left>
							<top>28</top>
							<width>82.68</width>
							<height>40</height>
							<align>center</align>
							<texture>logos/imdb.png</texture>
							<colordiffuse>grey</colordiffuse>
							<visible>!String.IsEmpty(ListItem.Top250)</visible>
						</control>
						<control type="label">
							<top>32</top>
							<width>auto</width>
							<height>30</height>
							<align>center</align>
							<label>$INFO[ListItem.Top250,#]</label>
							<font>font48_bold</font>
							<textcolor>grey</textcolor>
							<visible>!String.IsEmpty(ListItem.Top250)</visible>
						</control>
						<control type="image">
							<left>5</left>
							<top>22</top>
							<width>50</width>
							<height>50</height>
							<texture>$INFO[Window(Home).Property(SkinHelper.ListItem.RottenTomatoes.Image),logos/rottentomatoes/,.png]</texture>
							<colordiffuse>grey</colordiffuse>
							<visible>!String.IsEmpty(Window(Home).Property(SkinHelper.ListItem.RottenTomatoes.Image))</visible>
						</control>
						<control type="label">
							<top>33</top>
							<height>30</height>
							<width>auto</width>
							<label>$INFO[Window(Home).Property(SkinHelper.ListItem.RottenTomatoes.Rating),,%]</label>
							<font>font48_bold</font>
							<textcolor>grey</textcolor>
							<visible>!String.IsEmpty(Window(Home).Property(SkinHelper.ListItem.RottenTomatoes.Rating.Percent))</visible>
						</control>
						<control type="image">
							<top>26</top>
							<width>46</width>
							<height>46</height>
							<texture>logos/metacritic.png</texture>
							<colordiffuse>grey</colordiffuse>
							<visible>!String.IsEmpty(Window(Home).Property(SkinHelper.ListItem.MetaCritic.Rating))</visible>
						</control>
						<control type="label">
							<top>33</top>
							<height>30</height>
							<width>auto</width>
							<label>$INFO[Window(Home).Property(SkinHelper.ListItem.MetaCritic.Rating),,%]</label>
							<font>font48_bold</font>
							<textcolor>grey</textcolor>
							<visible>!String.IsEmpty(Window(Home).Property(SkinHelper.ListItem.MetaCritic.Rating))</visible>
						</control>
					</control>
					<control type="image">
						<left>-16</left>
						<top>165</top>
						<width>1188</width>
						<height>1</height>
						<texture colordiffuse="$VAR[ThemeLabelColor]">new_pvr/osd_line_white.png</texture>
					</control>
					<control type="panel" id="300">
						<left>-16</left>
						<top>161</top>
						<width>1192</width>
						<height>360</height>
						<ondown>9000</ondown>
						<orientation>horizontal</orientation>
						<visible>String.IsEmpty(Window(Home).Property(SmallTextViewer))</visible>
						<include>VisibleFadeAnimation</include>
						<scrolltime tween="quadratic" easing="out">200</scrolltime>
						<itemlayout height="72" width="596">
							<control type="label">
								<width>596</width>
								<height>67</height>
								<font>font15</font>
								<textcolor>$VAR[ThemeLabelColor]</textcolor>
								<selectedcolor>$VAR[ThemeLabelColor]</selectedcolor>
								<label>$INFO[ListItem.Label2,, ]$INFO[ListItem.Label,[COLOR grey], [/COLOR]]</label>
								<textoffsetx>16</textoffsetx>
							</control>
						</itemlayout>
						<focusedlayout height="72" width="596">
							<control type="image">
								<top>5</top>
								<width>596</width>
								<height>62</height>
								<texture colordiffuse="$VAR[HighlightBarColor]" border="4">listselect_fo.png</texture>
								<visible>Control.HasFocus(300)</visible>
								<include>VisibleFadeAnimation</include>
							</control>
							<control type="label">
								<width>596</width>
								<height>67</height>
								<font>font15</font>
								<textcolor>white</textcolor>
								<selectedcolor>$VAR[ThemeLabelColor]</selectedcolor>
								<label>$INFO[ListItem.Label2,, ]$INFO[ListItem.Label]</label>
								<animation effect="fade" start="100" end="70" time="300" tween="sine" easing="inout" condition="!Control.HasFocus(300)">Conditional</animation>
								<textoffsetx>16</textoffsetx>
							</control>
						</focusedlayout>
						<content>
							<item>
								<label>$INFO[ListItem.OriginalTitle]</label>
								<label2>$LOCALIZE[20376]:</label2>
								<onclick>SetProperty(SmallTextViewer,True,Home)</onclick>
								<onclick>SetProperty(TextViewerHeader,$LOCALIZE[20376],Home)</onclick>
								<onclick>SetProperty(TextViewerContent,$ESCINFO[ListItem.OriginalTitle],Home)</onclick>
								<onclick>ActivateWindow(1112)</onclick>
								<visible>!String.IsEmpty(ListItem.OriginalTitle) + !String.IsEqual(ListItem.OriginalTitle,ListItem.Title)</visible>
							</item>
							<item>
								<label>$INFO[ListItem.Director]</label>
								<label2>$LOCALIZE[20339]:</label2>
								<onclick condition="!System.HasAddon(script.extendedinfo)">SetProperty(SmallTextViewer,True,Home)</onclick>
								<onclick condition="!System.HasAddon(script.extendedinfo)">SetProperty(TextViewerHeader,$LOCALIZE[20339],Home)</onclick>
								<onclick condition="!System.HasAddon(script.extendedinfo)">SetProperty(TextViewerContent,$ESCINFO[ListItem.Director],Home)</onclick>
								<onclick condition="!System.HasAddon(script.extendedinfo)">ActivateWindow(1112)</onclick>
								<onclick condition="System.HasAddon(script.extendedinfo)">SetProperty(DirectorID,True)</onclick>
								<onclick condition="System.HasAddon(script.extendedinfo)">SetProperty(ActorName,$INFO[ListItem.Director])</onclick>
								<onclick condition="System.HasAddon(script.extendedinfo)">ActivateWindow(1129)</onclick>
								<onclick condition="!System.HasAddon(script.extendedinfo)">SendClick(2003,13)</onclick>
								<visible>!String.IsEmpty(ListItem.Director)</visible>
							</item>
							<item>
								<label>$INFO[ListItem.Writer]</label>
								<label2>$LOCALIZE[20417]:</label2>
								<onclick condition="!System.HasAddon(script.extendedinfo)">SetProperty(SmallTextViewer,True,Home)</onclick>
								<onclick condition="!System.HasAddon(script.extendedinfo)">SetProperty(TextViewerHeader,$LOCALIZE[20417],Home)</onclick>
								<onclick condition="!System.HasAddon(script.extendedinfo)">SetProperty(TextViewerContent,$ESCINFO[ListItem.Writer],Home)</onclick>
								<onclick condition="!System.HasAddon(script.extendedinfo)">ActivateWindow(1112)</onclick>
								<onclick condition="System.HasAddon(script.extendedinfo)">RunScript(script.extendedinfo,info=extendedactorinfo,name=$INFO[ListItem.Writer])</onclick>
								<visible>!String.IsEmpty(ListItem.Writer)</visible>
							</item>
							<item>
								<label>$INFO[ListItem.Premiered]</label>
								<label2>$LOCALIZE[31452]:</label2>
								<onclick>SetProperty(SmallTextViewer,True,Home)</onclick>
								<onclick>SetProperty(TextViewerHeader,$LOCALIZE[31452],Home)</onclick>
								<onclick>SetProperty(TextViewerContent,$ESCINFO[ListItem.Premiered],Home)</onclick>
								<onclick>ActivateWindow(1112)</onclick>
								<visible>!String.IsEmpty(ListItem.Premiered) + !String.IsEqual(ListItem.DBType,movie)</visible>
							</item>
							<item>
								<label>$INFO[Window(Home).Property(NextAired.LatestNumber)]$INFO[Window(Home).Property(NextAired.LatestTitle), - ]</label>
								<label2>$LOCALIZE[31374]:</label2>
								<onclick>SetProperty(SmallTextViewer,True,Home)</onclick>
								<onclick>SetProperty(TextViewerHeader,$LOCALIZE[31374],Home)</onclick>
								<onclick>SetProperty(TextViewerContent,$ESCINFO[Window(Home).Property(NextAired.LatestNumber)]$INFO[Window(Home).Property(NextAired.LatestTitle), - ],Home)</onclick>
								<onclick>ActivateWindow(1112)</onclick>
								<visible>String.IsEqual(ListItem.DBType,tvshow) + !String.IsEmpty(Window(Home).Property(NextAired.LatestNumber))</visible>
							</item>
							<item>
								<label>$INFO[Window(Home).Property(NextAired.LatestDay)]</label>
								<label2>$LOCALIZE[31324]:</label2>
								<onclick>SetProperty(SmallTextViewer,True,Home)</onclick>
								<onclick>SetProperty(TextViewerHeader,$LOCALIZE[31324],Home)</onclick>
								<onclick>SetProperty(TextViewerContent,$ESCINFO[Window(Home).Property(NextAired.LatestDay)],Home)</onclick>
								<onclick>ActivateWindow(1112)</onclick>
								<visible>String.IsEqual(ListItem.DBType,tvshow) + !String.IsEmpty(Window(Home).Property(NextAired.LatestDate))</visible>
							</item>
							<item>
								<label>$INFO[Window(Home).Property(NextAired.NextNumber)]$INFO[Window(Home).Property(NextAired.NextTitle), - ]</label>
								<label2>$LOCALIZE[19031]:</label2>
								<onclick>SetProperty(SmallTextViewer,True,Home)</onclick>
								<onclick>SetProperty(TextViewerHeader,$LOCALIZE[19031],Home)</onclick>
								<onclick>SetProperty(TextViewerContent,$ESCINFO[Window(Home).Property(NextAired.NextNumber)]$INFO[Window(Home).Property(NextAired.NextTitle), - ],Home)</onclick>
								<onclick>ActivateWindow(1112)</onclick>
								<visible>String.IsEqual(ListItem.DBType,tvshow) + !String.IsEmpty(Window(Home).Property(NextAired.NextNumber))</visible>
							</item>
							<item>
								<label>$INFO[Window(Home).Property(NextAired.Nextday)]</label>
								<label2>$LOCALIZE[31012]:</label2>
								<onclick>SetProperty(SmallTextViewer,True,Home)</onclick>
								<onclick>SetProperty(TextViewerHeader,$LOCALIZE[31012],Home)</onclick>
								<onclick>SetProperty(TextViewerContent,$ESCINFO[Window(Home).Property(NextAired.Nextday)],Home)</onclick>
								<onclick>ActivateWindow(1112)</onclick>
								<visible>String.IsEqual(ListItem.DBType,tvshow) + !String.IsEmpty(Window(Home).Property(NextAired.NextDay))</visible>
							</item>
							<item>
								<label>$INFO[ListItem.Genre]</label>
								<label2>$LOCALIZE[515]:</label2>
								<onclick>SetProperty(SmallTextViewer,True,Home)</onclick>
								<onclick>SetProperty(TextViewerHeader,$LOCALIZE[515],Home)</onclick>
								<onclick>SetProperty(TextViewerContent,$ESCINFO[ListItem.Genre],Home)</onclick>
								<onclick>ActivateWindow(1112)</onclick>
								<visible>!String.IsEmpty(ListItem.Genre)</visible>
							</item>
							<item>
								<label>$INFO[Window(Home).Property(SkinHelper.ListItem.Budget.formatted),$,]</label>
								<label2>$LOCALIZE[31850]:</label2>
								<onclick>SetProperty(SmallTextViewer,True,Home)</onclick>
								<onclick>SetProperty(TextViewerHeader,$LOCALIZE[31850],Home)</onclick>
								<onclick>SetProperty(TextViewerContent,$ESCINFO[Window(Home).Property(SkinHelper.ListItem.Budget.formatted),$,],Home)</onclick>
								<onclick>ActivateWindow(1112)</onclick>
								<visible>!String.IsEmpty(Window(Home).Property(SkinHelper.ListItem.Budget.formatted)) + String.IsEqual(ListItem.DBType,movie) + !String.IsEqual(Window(Home).Property(SkinHelper.ListItem.Budget.formatted),0)</visible>
							</item>
							<item>
								<label>$INFO[Window(Home).Property(SkinHelper.ListItem.Revenue.formatted),$,]</label>
								<label2>$LOCALIZE[31851]:</label2>
								<onclick>SetProperty(SmallTextViewer,True,Home)</onclick>
								<onclick>SetProperty(TextViewerHeader,$LOCALIZE[31851],Home)</onclick>
								<onclick>SetProperty(TextViewerContent,$ESCINFO[Window(Home).Property(SkinHelper.ListItem.Revenue.formatted),$,],Home)</onclick>
								<onclick>ActivateWindow(1112)</onclick>
								<visible>!String.IsEmpty(Window(Home).Property(SkinHelper.ListItem.Revenue.formatted)) + String.IsEqual(ListItem.DBType,movie) + !String.IsEqual(Window(Home).Property(SkinHelper.ListItem.Revenue.formatted),0)</visible>
							</item>
							<item>
								<label>$INFO[Window(Home).Property(SkinHelper.ListItem.Awards)]</label>
								<label2>$LOCALIZE[31272]:</label2>
								<onclick>SetProperty(SmallTextViewer,True,Home)</onclick>
								<onclick>SetProperty(TextViewerHeader,$LOCALIZE[31272],Home)</onclick>
								<onclick>SetProperty(TextViewerContent,$ESCINFO[Window(Home).Property(SkinHelper.ListItem.Awards)],Home)</onclick>
								<onclick>ActivateWindow(1112)</onclick>
								<visible>[String.IsEqual(ListItem.DBType,movie) | String.IsEqual(ListItem.DBType,tvshow)]  + !String.IsEmpty(Window(Home).Property(SkinHelper.ListItem.Awards))</visible>
							</item>
							<item>
								<label>[UPPERCASE]$INFO[ListItem.Property(AudioLanguage.1)]$INFO[ListItem.Property(AudioLanguage.2), / ]$INFO[ListItem.Property(AudioLanguage.3), / ]$INFO[ListItem.Property(AudioLanguage.4), / ]$INFO[ListItem.Property(AudioLanguage.5), / ]$INFO[ListItem.Property(AudioLanguage.6), / ]$INFO[ListItem.Property(AudioLanguage.7), / ][/UPPERCASE]</label>
								<label2>$LOCALIZE[292]:</label2>
								<onclick>SetProperty(SmallTextViewer,True,Home)</onclick>
								<onclick>SetProperty(TextViewerHeader,$LOCALIZE[292],Home)</onclick>
								<onclick>SetProperty(TextViewerContent,[UPPERCASE]$INFO[ListItem.Property(AudioLanguage.1)]$INFO[ListItem.Property(AudioLanguage.2), / ]$INFO[ListItem.Property(AudioLanguage.3), / ]$INFO[ListItem.Property(AudioLanguage.4), / ]$INFO[ListItem.Property(AudioLanguage.5), / ]$INFO[ListItem.Property(AudioLanguage.6), / ]$INFO[ListItem.Property(AudioLanguage.7), / ][/UPPERCASE],Home)</onclick>
								<onclick>ActivateWindow(1112)</onclick>
								<visible>!String.IsEmpty(ListItem.Property(AudioLanguage.1))</visible>
							</item>
							<item>
								<label>[UPPERCASE]$INFO[ListItem.Property(SubtitleLanguage.1)]$INFO[ListItem.Property(SubtitleLanguage.2), / ]$INFO[ListItem.Property(SubtitleLanguage.3), / ]$INFO[ListItem.Property(SubtitleLanguage.4), / ]$INFO[ListItem.Property(SubtitleLanguage.5), / ]$INFO[ListItem.Property(SubtitleLanguage.6), / ]$INFO[ListItem.Property(SubtitleLanguage.7), / ]$INFO[ListItem.Property(SubtitleLanguage.8), / ]$INFO[ListItem.Property(SubtitleLanguage.9), / ]$INFO[ListItem.Property(SubtitleLanguage.10), / ]$INFO[ListItem.Property(SubtitleLanguage.11), / ]$INFO[ListItem.Property(SubtitleLanguage.12), / ]$INFO[ListItem.Property(SubtitleLanguage.13), / ]$INFO[ListItem.Property(SubtitleLanguage.14), / ]$INFO[ListItem.Property(SubtitleLanguage.15), / ][/UPPERCASE]</label>
								<label2>$LOCALIZE[287]:</label2>
								<onclick>SetProperty(SmallTextViewer,True,Home)</onclick>
								<onclick>SetProperty(TextViewerHeader,$LOCALIZE[287],Home)</onclick>
								<onclick>SetProperty(TextViewerContent,[UPPERCASE]$INFO[ListItem.Property(SubtitleLanguage.1)]$INFO[ListItem.Property(SubtitleLanguage.2), / ]$INFO[ListItem.Property(SubtitleLanguage.3), / ]$INFO[ListItem.Property(SubtitleLanguage.4), / ]$INFO[ListItem.Property(SubtitleLanguage.5), / ]$INFO[ListItem.Property(SubtitleLanguage.6), / ]$INFO[ListItem.Property(SubtitleLanguage.7), / ]$INFO[ListItem.Property(SubtitleLanguage.8), / ]$INFO[ListItem.Property(SubtitleLanguage.9), / ]$INFO[ListItem.Property(SubtitleLanguage.10), / ]$INFO[ListItem.Property(SubtitleLanguage.11), / ]$INFO[ListItem.Property(SubtitleLanguage.12), / ]$INFO[ListItem.Property(SubtitleLanguage.13), / ]$INFO[ListItem.Property(SubtitleLanguage.14), / ]$INFO[ListItem.Property(SubtitleLanguage.15), / ][/UPPERCASE],Home)</onclick>
								<onclick>ActivateWindow(1112)</onclick>
								<visible>!String.IsEmpty(ListItem.Property(SubtitleLanguage.1))</visible>
							</item>
							<item>
								<label>$INFO[ListItem.Country]</label>
								<label2>$LOCALIZE[574]:</label2>
								<onclick>SetProperty(SmallTextViewer,True,Home)</onclick>
								<onclick>SetProperty(TextViewerHeader,$LOCALIZE[574],Home)</onclick>
								<onclick>SetProperty(TextViewerContent,$ESCINFO[ListItem.Country],Home)</onclick>
								<onclick>ActivateWindow(1112)</onclick>
								<visible>!String.IsEmpty(ListItem.Country)</visible>
							</item>
							<item>
								<label>$INFO[Window(Home).Property(NextAired.Country)]</label>
								<label2>$LOCALIZE[574]:</label2>
								<onclick>SetProperty(SmallTextViewer,True,Home)</onclick>
								<onclick>SetProperty(TextViewerHeader,$LOCALIZE[574],Home)</onclick>
								<onclick>SetProperty(TextViewerContent,$ESCINFO[Window(Home).Property(NextAired.Country)],Home)</onclick>
								<onclick>ActivateWindow(1112)</onclick>
								<visible>String.IsEqual(ListItem.DBType,tvshow) + !String.IsEmpty(Window(Home).Property(NextAired.Country))</visible>
							</item>
							<item>
								<label>$INFO[ListItem.Premiered]</label>
								<label2>$LOCALIZE[172]:</label2>
								<onclick>SetProperty(SmallTextViewer,True,Home)</onclick>
								<onclick>SetProperty(TextViewerHeader,$LOCALIZE[172],Home)</onclick>
								<onclick>SetProperty(TextViewerContent,$ESCINFO[ListItem.Premiered],Home)</onclick>
								<onclick>ActivateWindow(1112)</onclick>
								<visible>!String.IsEmpty(ListItem.Premiered) + String.IsEqual(ListItem.DBType,movie)</visible>
							</item>
							<item>
								<label>$INFO[ListItem.LastPlayed]</label>
								<label2>$LOCALIZE[568]:</label2>
								<onclick>SetProperty(SmallTextViewer,True,Home)</onclick>
								<onclick>SetProperty(TextViewerHeader,$LOCALIZE[568],Home)</onclick>
								<onclick>SetProperty(TextViewerContent,$ESCINFO[ListItem.LastPlayed],Home)</onclick>
								<onclick>ActivateWindow(1112)</onclick>
								<visible>!String.IsEmpty(ListItem.LastPlayed)</visible>
							</item>
							<item>
								<label>$INFO[ListItem.DateAdded]</label>
								<label2>$LOCALIZE[570]:</label2>
								<onclick>SetProperty(SmallTextViewer,True,Home)</onclick>
								<onclick>SetProperty(TextViewerHeader,$LOCALIZE[570],Home)</onclick>
								<onclick>SetProperty(TextViewerContent,$ESCINFO[ListItem.DateAdded],Home)</onclick>
								<onclick>ActivateWindow(1112)</onclick>
								<visible>!String.IsEmpty(ListItem.DateAdded)</visible>
							</item>
							<item>
								<label>$INFO[ListItem.PercentPlayed,,%]</label>
								<label2>$LOCALIZE[575]:</label2>
								<onclick>SetProperty(SmallTextViewer,True,Home)</onclick>
								<onclick>SetProperty(TextViewerHeader,$LOCALIZE[575],Home)</onclick>
								<onclick>SetProperty(TextViewerContent,$ESCINFO[ListItem.PercentPlayed,,%],Home)</onclick>
								<onclick>ActivateWindow(1112)</onclick>
								<visible>ListItem.IsResumable</visible>
							</item>
							<item>
								<label>$INFO[ListItem.PlayCount]</label>
								<label2>$LOCALIZE[567]:</label2>
								<onclick>SetProperty(SmallTextViewer,True,Home)</onclick>
								<onclick>SetProperty(TextViewerHeader,$LOCALIZE[567],Home)</onclick>
								<onclick>SetProperty(TextViewerContent,$ESCINFO[ListItem.PlayCount],Home)</onclick>
								<onclick>ActivateWindow(1112)</onclick>
								<visible>!String.IsEmpty(ListItem.PlayCount)</visible>
							</item>
							<item>
								<label>[CAPITALIZE]$INFO[Window(Home).Property(SkinHelper.ListItem.Tag)][/CAPITALIZE]</label>
								<label2>$LOCALIZE[20459]:</label2>
								<onclick>SetProperty(SmallTextViewer,True,Home)</onclick>
								<onclick>SetProperty(TextViewerHeader,$LOCALIZE[20459],Home)</onclick>
								<onclick>SetProperty(TextViewerContent,[CAPITALIZE]$ESCINFO[Window(Home).Property(SkinHelper.ListItem.Tag)][/CAPITALIZE],Home)</onclick>
								<onclick>ActivateWindow(1112)</onclick>
								<visible>!String.IsEmpty(Window(Home).Property(SkinHelper.ListItem.Tag))</visible>
							</item>
							<item>
								<label>$INFO[ListItem.Path]</label>
								<label2>$LOCALIZE[573]:</label2>
								<onclick>Dialog.Close(movieinformation)</onclick>
								<onclick>ActivateWindow(Videos,$INFO[ListItem.Path],return)</onclick>
								<visible>!String.IsEmpty(ListItem.Path)</visible>
							</item>
							<item>
								<label>$INFO[ListItem.Filename]</label>
								<label2>$LOCALIZE[21800]:</label2>
								<onclick>SetProperty(SmallTextViewer,True,Home)</onclick>
								<onclick>SetProperty(TextViewerHeader,$LOCALIZE[21800],Home)</onclick>
								<onclick>SetProperty(TextViewerContent,$ESCINFO[ListItem.Filename],Home)</onclick>
								<onclick>ActivateWindow(1112)</onclick>
								<visible>!String.IsEmpty(ListItem.Filename)</visible>
							</item>
						</content>
					</control>
					<control type="image">
						<left>-16</left>
						<top>516</top>
						<width>1188</width>
						<height>1</height>
						<texture colordiffuse="$VAR[ThemeLabelColor]">new_pvr/osd_line_white.png</texture>
					</control>
					<control type="image">
						<left>-16</left>
						<top>577</top>
						<width>1188</width>
						<height>1</height>
						<texture colordiffuse="$VAR[ThemeLabelColor]">new_pvr/osd_line_white.png</texture>
					</control>
					<control type="group">
						<visible>String.IsEmpty(Window(Home).Property(SmallTextViewer))</visible>
						<control type="button">
							<left>-23</left>
							<top>328</top>
							<width>25</width>
							<height>25</height>
							<texturefocus flipx="true" colordiffuse="grey">arrowright2.png</texturefocus>
							<texturenofocus flipx="true" colordiffuse="grey">arrowright2.png</texturenofocus>
							<onclick>noop</onclick>
							<visible>Container(300).HasPrevious</visible>
							<animation effect="fade" start="100" end="0" time="0" condition="Container(300).OnPrevious">Conditional</animation>
							<include>VisibleFadeAnimation</include>
						</control>
						<control type="button">
							<left>1153</left>
							<top>328</top>
							<width>25</width>
							<height>25</height>
							<texturefocus colordiffuse="grey">arrowright2.png</texturefocus>
							<texturenofocus colordiffuse="grey">arrowright2.png</texturenofocus>
							<onclick>noop</onclick>
							<visible>Container(300).HasNext</visible>
							<animation effect="fade" start="100" end="0" time="0" condition="Container(300).OnNext">Conditional</animation>
							<include>VisibleFadeAnimation</include>
						</control>
					</control>
					<control type="group">
						<left>-16</left>
						<control type="button" id="210">
							<top>516</top>
							<width>632</width>
							<texturenofocus />
							<disabledcolor>grey</disabledcolor>
							<font>font30_title</font>
							<align>left</align>
							<textoffsetx>16</textoffsetx>
							<include>ButtonInfoDialogsCommonValues</include>
							<label>[B]$VAR[VideoInfoButtonLabelVar][/B]</label>
							<onclick>noop</onclick>
							<enable>no</enable>
						</control>
						<control type="grouplist" id="9000">
							<left>596</left>
							<top>517</top>
							<width>596</width>
							<height>60</height>
							<onleft>9000</onleft>
							<onright>9000</onright>
							<onup>300</onup>
							<ondown>9001</ondown>
							<align>right</align>
							<orientation>horizontal</orientation>
							<control type="image" id="200">
								<width>2</width>
								<height>60</height>
								<texture border="1">separator3.png</texture>
							</control>
							<control type="togglebutton" id="8">
								<description>Play/browse to Show</description>
								<font>IconMediumMD</font>
								<width>80</width>
								<texturenofocus />
								<include>ButtonInfoDialogsCommonValues</include>
								<label></label>
								<altlabel></altlabel>
								<usealttexture>String.IsEqual(ListItem.DBType,tvshow)</usealttexture>
								<visible>!String.IsEqual(Skin.String(CinemaVision.Button),$LOCALIZE[31232]) | !System.HasAddon(script.cinemavision)</visible>
							</control>
							<control type="image" id="201">
								<width>2</width>
								<height>60</height>
								<texture border="1">separator3.png</texture>
								<visible>Control.IsVisible(8)</visible>
							</control>
							<control type="button" id="909">
								<description>CinemaVision</description>
								<font>IconMediumMD</font>
								<width>80</width>
								<texturenofocus />
								<include>ButtonInfoDialogsCommonValues</include>
								<label></label>
								<onclick>RunScript(script.cinemavision,dbtype=$INFO[ListItem.DBType],dbid=$INFO[ListItem.DBID])</onclick>
								<visible>System.HasAddon(script.cinemavision) + [String.IsEqual(ListItem.DBType,movie) | String.IsEqual(ListItem.DBType,tvshow) | String.IsEqual(ListItem.DBType,season) | String.IsEqual(ListItem.DBType,episode)] + !String.IsEqual(Skin.String(CinemaVision.Button),$LOCALIZE[31014]) + String.IsEmpty(Window(Home).Property(script.cinemavision.running))</visible>
							</control>
							<control type="image" id="202">
								<width>2</width>
								<height>60</height>
								<texture border="1">separator3.png</texture>
								<visible>Control.IsVisible(909)</visible>
							</control>
							<control type="button" id="1227">
								<description>Special Features</description>
								<font>IconMediumMD</font>
								<width>70</width>
								<texturenofocus />
								<include>ButtonInfoDialogsCommonValues</include>
								<label></label>
								<onclick>Action(close)</onclick>
								<onclick>RunScript(plugin.video.specialfeatures,listitem)</onclick>
								<visible>String.IsEqual(Window(home).Property(SpecialFeatures.Visible),true)</visible>
							</control>
							<control type="image" id="1228">
								<width>2</width>
								<height>60</height>
								<texture border="1">separator3.png</texture>
								<visible>Control.IsVisible(1227)</visible>
							</control>
							<control type="button" id="910">
								<description>Cast</description>
								<font>IconMediumMD</font>
								<width>70</width>
								<texturenofocus />
								<include>ButtonInfoDialogsCommonValues</include>
								<label></label>
								<onclick condition="!System.HasAddon(script.extendedinfo)">SetFocus(50)</onclick>
								<onclick condition="System.HasAddon(script.extendedinfo)">SetFocus(90050)</onclick>
								<visible>!String.IsEmpty(ListItem.Cast)</visible>
							</control>
							<control type="image" id="203">
								<width>2</width>
								<height>60</height>
								<texture border="1">separator3.png</texture>
								<visible>Control.IsVisible(910)</visible>
							</control>
							<control type="button" id="11">
								<description>Play Trailer</description>
								<font>IconMediumMD</font>
								<width>70</width>
								<texturenofocus />
								<include>ButtonInfoDialogsCommonValues</include>
								<label></label>
								<onclick>Dialog.Close(MovieInformation)</onclick>
								<onclick condition="!String.IsEmpty(ListItem.Trailer)">PlayMedia($INFO[ListItem.Trailer])</onclick>
								<onclick condition="String.IsEmpty(ListItem.Trailer)">ActivateWindow(videos,plugin://plugin.video.youtube/kodion/search/query/?q=$INFO[ListItem.OriginalTitle]+Trailer)</onclick>
								<visible>String.IsEqual(ListItem.DBType,movie)</visible>
							</control>
							<control type="image" id="204">
								<width>2</width>
								<height>60</height>
								<texture border="1">separator3.png</texture>
								<visible>Control.IsVisible(11)</visible>
							</control>
							<control type="togglebutton" id="7">
								<description>Set rating</description>
								<font>IconMediumMD</font>
								<width>70</width>
								<include>ButtonInfoDialogsCommonValues</include>
								<texturenofocus />
								<alttexturenofocus />
								<label></label>
								<altlabel></altlabel>
								<usealttexture>!String.IsEmpty(ListItem.UserRating)</usealttexture>
							</control>
							<control type="image" id="205">
								<width>2</width>
								<height>60</height>
								<texture border="1">separator3.png</texture>
							</control>
							<control type="button" id="10">
								<description>Get Thumb</description>
								<font>IconMediumMD</font>
								<width>70</width>
								<texturenofocus />
								<include>ButtonInfoDialogsCommonValues</include>
								<label></label>
								<enable>!Skin.HasSetting(KioskMode.Enabled)</enable>
							</control>
							<control type="image" id="206">
								<width>2</width>
								<height>60</height>
								<texture border="1">separator3.png</texture>
							</control>
							<control type="button" id="6">
								<description>Refresh</description>
								<font>IconMediumMD</font>
								<width>70</width>
								<texturenofocus />
								<include>ButtonInfoDialogsCommonValues</include>
								<label></label>
								<enable>!Skin.HasSetting(KioskMode.Enabled)</enable>
							</control>
							<control type="image" id="207">
								<width>2</width>
								<height>60</height>
								<texture border="1">separator3.png</texture>
							</control>
							<control type="button" id="208">
								<description>Extras</description>
								<font>IconMediumMD</font>
								<width>68</width>
								<texturenofocus />
								<include>ButtonInfoDialogsCommonValues</include>
								<label></label>
								<onclick>ActivateWindow(1119)</onclick>
							</control>
						</control>
					</control>
					<control type="grouplist" id="9001">
						<left>-16</left>
						<top>578</top>
						<width>2800</width>
						<height>420</height>
						<onup>9000</onup>
						<ondown>noop</ondown>
						<usecontrolcoords>true</usecontrolcoords>
						<scrolltime tween="quadratic" easing="out">300</scrolltime>
						<control type="group" id="90017">
							<width>1192</width>
							<height>420</height>
							<control type="button" id="900171">
								<description>FS Plot</description>
								<texturenofocus />
								<width>1186</width>
								<height>420</height>
								<label />
								<onup>9000</onup>
								<ondown condition="!System.HasAddon(script.extendedinfo)">50</ondown>
								<ondown condition="System.HasAddon(script.extendedinfo)">90050</ondown>
								<include>ButtonInfoDialogsCommonValues</include>
								<onclick>SetProperty(TextViewerHeader,$ESCINFO[ListItem.Label,[B],[/B]],Home)</onclick>
								<onclick condition="String.IsEqual(ListItem.DBType,movie)">SetProperty(TextViewerSubHeader,$ESCINFO[ListItem.Tagline,[I],[/I]],Home)</onclick>
								<onclick condition="String.IsEqual(ListItem.DBType,tvshow) + !String.IsEmpty(Window(Home).Property(NextAired.Status))">SetProperty(TextViewerSubHeader,$ESCINFO[Window(Home).Property(NextAired.Status),[I],[/I]],Home)</onclick>
								<onclick condition="String.IsEqual(ListItem.DBType,episode) + !String.IsEmpty(ListItem.TvShowTitle)">SetProperty(TextViewerSubHeader,$ESCINFO[ListItem.TvShowTitle,[I],[/I]],Home)</onclick>
								<onclick>SetProperty(TextViewerContent,$ESCVAR[VideoInfoPlotVar],Home)</onclick>
								<onclick>ActivateWindow(1112)</onclick>
							</control>
							<control type="textbox" id="4">
								<description>Plot</description>
								<include>HiddenObject</include>
							</control>
							<control type="textbox" id="400">
								<description>Plot</description>
								<left>16</left>
								<top>6</top>
								<width>788</width>
								<height>405</height>
								<font>font15_textbox</font>
								<label>$VAR[VideoInfoPlotVar]</label>
								<textcolor>white</textcolor>
								<align>justify</align>
								<pagecontrol />
								<autoscroll time="3000" delay="4000" repeat="5000">Skin.HasSetting(Enable.AutoScroll) + !Control.HasFocus(900171)</autoscroll>
								<animation effect="fade" start="0" end="100" time="500" tween="sine" easing="inout">VisibleChange</animation>
								<animation effect="fade" start="100" end="78" time="300" tween="sine" easing="inout" condition="!Control.HasFocus(900171)">Conditional</animation>
								<visible>Skin.HasSetting(discartoninfo) + !String.IsEmpty(ListItem.Art(discart))</visible>
							</control>
							<control type="textbox" id="401">
								<description>Plot</description>
								<left>16</left>
								<top>6</top>
								<width>1148</width>
								<height>405</height>
								<font>font15_textbox</font>
								<label>$VAR[VideoInfoPlotVar]</label>
								<textcolor>white</textcolor>
								<align>justify</align>
								<pagecontrol />
								<autoscroll time="3000" delay="4000" repeat="5000">Skin.HasSetting(Enable.AutoScroll) + !Control.HasFocus(900171)</autoscroll>
								<animation effect="fade" start="100" end="78" time="300" tween="sine" easing="inout" condition="!Control.HasFocus(900171)">Conditional</animation>
								<visible>!Skin.HasSetting(discartoninfo) | String.IsEmpty(ListItem.Art(discart))</visible>
							</control>
							<control type="image">
								<left>1520</left>
								<top>40</top>
								<width>350</width>
								<height>350</height>
								<texture background="true">$INFO[ListItem.Art(discart)]</texture>
								<animation type="WindowOpen" reversible="false">
									<effect type="slide" start="0,0" end="-700,0" delay="400" time="2000" tween="quadratic" easing="out" />
									<effect type="rotate" start="0" center="auto" end="-720" delay="300" time="2200" tween="quadratic" easing="out" />
								</animation>
								<visible>Skin.HasSetting(discartoninfo)</visible>
							</control>
						</control>
						<include condition="!System.HasAddon(script.extendedinfo)">DefaultActorList</include>
						<include condition="System.HasAddon(script.extendedinfo)">CustomActorList</include>
						<control type="panel" id="90016">
							<description>Seasons</description>
							<include content="ExtendedInfoListLayout">
								<param name="PanelID">90016</param>
								<param name="label2">$INFO[ListItem.Property(TotalEpisodes),, $LOCALIZE[20453]]</param>
								<param name="listVisible" value="String.IsEqual(ListItem.DBType,tvshow) + Integer.IsGreater(ListItem.Property(TotalSeasons),0)" />
							</include>
							<content target="video">videodb://tvshows/titles/$INFO[ListItem.DBID]/</content>
						</control>
						<include condition="System.HasAddon(script.extendedinfo) + !Skin.HasSetting(Disable.ExtendedInfoIntergration)">ExtendedVideoInfoLists</include>
						<control type="panel" id="90018">
							<description>Movies from Set</description>
							<include content="ExtendedInfoListLayout">
								<param name="PanelID">90018</param>
								<param name="listVisible" value="String.IsEqual(ListItem.DBType,movie) + !String.IsEmpty(ListItem.SetID)" />
							</include>
							<content target="video" sortby="year" sortorder="ascending">videodb://movies/sets/$INFO[ListItem.SetID]</content>
						</control>
					</control>
					<control type="scrollbar" id="70">
						<include>HiddenObject</include>
					</control>
					<control type="group">
						<left>-16</left>
						<top>1010</top>
						<visible>!ControlGroup(9001).HasFocus</visible>
						<control type="grouplist">
							<top>-25</top>
							<width>1188</width>
							<height>90</height>
							<align>center</align>
							<usecontrolcoords>true</usecontrolcoords>
							<orientation>horizontal</orientation>
							<control type="group">
								<width>169.7</width>
								<control type="image" id="800011">
									<top>9</top>
									<colordiffuse>grey</colordiffuse>
									<width>169.7</width>
									<height>77</height>
									<include>MediaFlagValues</include>
									<bordersize>2</bordersize>
									<texture>$VAR[PathFlagsStudios]$INFO[ListItem.Studio,,.png]</texture>
								</control>
								<control type="label">
									<left>15</left>
									<width>169.7</width>
									<height>90</height>
									<align>center</align>
									<label>$INFO[ListItem.Studio]</label>
									<font>font10</font>
									<textcolor>grey</textcolor>
									<wrapmultiline>true</wrapmultiline>
									<visible>String.IsEmpty(Control.GetLabel(800011))</visible>
								</control>
							</control>
							<control type="image">
								<width>169.7</width>
								<colordiffuse>grey</colordiffuse>
								<include>MediaFlagValues</include>
								<texture>$VAR[MediaFlagsPathVar]/resolution/$INFO[ListItem.VideoResolution,,.png]</texture>
								<visible>!String.IsEmpty(ListItem.VideoResolution)</visible>
							</control>
							<control type="image">
								<width>169.7</width>
								<colordiffuse>grey</colordiffuse>
								<include>MediaFlagValues</include>
								<texture>$VAR[MediaFlagsPathVar]/videocodec/$VAR[SourceFlagVar]</texture>
								<visible>!String.IsEmpty(ListItem.VideoCodec)</visible>
							</control>
							<control type="image">
								<width>169.7</width>
								<colordiffuse>grey</colordiffuse>
								<include>MediaFlagValues</include>
								<texture>$VAR[MediaFlagsPathVar]/aspectratio/$INFO[ListItem.VideoAspect,,.png]</texture>
								<visible>!String.IsEmpty(ListItem.VideoAspect)</visible>
							</control>
							<control type="image">
								<width>169.7</width>
								<colordiffuse>grey</colordiffuse>
								<include>MediaFlagValues</include>
								<texture>$VAR[MediaFlagsPathVar]/audiocodec/$INFO[ListItem.AudioCodec,,.png]</texture>
								<visible>!String.IsEmpty(ListItem.AudioCodec)</visible>
							</control>
							<control type="image">
								<width>169.7</width>
								<colordiffuse>grey</colordiffuse>
								<include>MediaFlagValues</include>
								<texture>$VAR[MediaFlagsPathVar]/audiochannels/$INFO[ListItem.AudioChannels,,.png]</texture>
								<visible>!String.IsEmpty(ListItem.AudioChannels)</visible>
							</control>
							<control type="image">
								<width>169.7</width>
								<colordiffuse>grey</colordiffuse>
								<include>MediaFlagValues</include>
								<texture>$VAR[MediaFlagsPathVar]/cc.png</texture>
								<visible>!String.IsEmpty(ListItem.SubtitleLanguage)</visible>
							</control>
							<control type="group">
								<visible>String.IsEqual(ListItem.DBType,tvshow) + !String.IsEmpty(ListItem.Property(TotalSeasons))</visible>
								<width>200</width>
								<left>-20</left>
								<control type="label">
									<top>2</top>
									<width>200</width>
									<height>60</height>
									<align>center</align>
									<label>$INFO[ListItem.Property(TotalSeasons)]</label>
									<font>font48_bold</font>
									<wrapmultiline>true</wrapmultiline>
									<textcolor>grey</textcolor>
								</control>
								<control type="label">
									<top>52</top>
									<width>200</width>
									<height>30</height>
									<align>center</align>
									<label>[LOWERCASE]$VAR[OneOrMoreSeasonsVar][/LOWERCASE]</label>
									<font>font12</font>
									<textcolor>grey</textcolor>
								</control>
							</control>
							<control type="group">
								<visible>String.IsEqual(ListItem.DBType,tvshow) + !String.IsEmpty(ListItem.Property(TotalEpisodes))</visible>
								<width>200</width>
								<control type="label">
									<top>2</top>
									<width>200</width>
									<height>60</height>
									<align>center</align>
									<label>$INFO[ListItem.Property(TotalEpisodes)]</label>
									<font>font48_bold</font>
									<wrapmultiline>true</wrapmultiline>
									<textcolor>grey</textcolor>
								</control>
								<control type="label">
									<top>52</top>
									<width>200</width>
									<height>30</height>
									<align>center</align>
									<label>[LOWERCASE]$VAR[OneOrMoreEpisodesVar][/LOWERCASE]</label>
									<font>font12</font>
									<textcolor>grey</textcolor>
								</control>
							</control>
							<control type="group">
								<visible>String.IsEqual(ListItem.DBType,tvshow) + !String.IsEmpty(ListItem.Property(UnWatchedEpisodes))</visible>
								<width>200</width>
								<control type="label">
									<top>2</top>
									<width>200</width>
									<height>60</height>
									<align>center</align>
									<label>$INFO[ListItem.Property(UnWatchedEpisodes)]</label>
									<font>font48_bold</font>
									<wrapmultiline>true</wrapmultiline>
									<textcolor>grey</textcolor>
								</control>
								<control type="label">
									<top>52</top>
									<width>200</width>
									<height>30</height>
									<align>center</align>
									<label>[LOWERCASE]$LOCALIZE[16101][/LOWERCASE]</label>
									<font>font12</font>
									<textcolor>grey</textcolor>
								</control>
							</control>
						</control>
					</control>
					<control type="group" id="71">
						<top>985</top>
						<visible>ControlGroup(9001).HasFocus</visible>
						<include>SettingsFadeAnimation</include>
						<control type="label">
							<width>1190</width>
							<height>90</height>
							<font>font15</font>
							<textcolor>grey</textcolor>
							<label>$VAR[VideoInfoDetailsLabelVar]</label>
						</control>
					</control>
				</control>
			</control>
		</control>
	</controls>
</window>
